<?xml version="1.0" encoding="UTF-8" standalone="yes"?>
<addon id="plugin.program.judgement" name="Judgement Wizard" version="1.6" provider-name="Judgement/Aftermath">
  <requires>
    <import addon="xbmc.python" version="2.1.0"/>
  </requires>
  <extension point="xbmc.python.pluginsource" library="default.py">
    <provides>executable</provides>
  </extension>
  <extension point="xbmc.service" library="startup.py" start="startup" />
  <extension point="xbmc.addon.metadata">
    <summary lang="en">Judgement Wizard - Bringing Custom Builds To You!</summary>
    <description lang="en">Judgement Wizard Allows You To Gain Access To The Latest Judgement Custom Builds!</description>
    <disclaimer lang="en">The author does not host or own any content found within this Addon. The Author is not connected to or in any other way affiliated with Kodi, Team Kodi, or the XBMC Foundation.</disclaimer>
	<platform>all</platform>
	<news>Special Thanks To Aftermath For Wizard Base And Smash, The Turtle, Klepton For Cache And Internet Tools!</news>
  </extension>
</addon>